﻿<?xml version="1.0"?>
<doc>
<assembly>
<name>
FIRESIDE
</name>
</assembly>
<members>
<member name="P:FIRESIDE.My.Resources.Resource1.ResourceManager">
	<summary>
  Returns the cached ResourceManager instance used by this class.
</summary>
</member><member name="P:FIRESIDE.My.Resources.Resource1.Culture">
	<summary>
  Overrides the current thread's CurrentUICulture property for all
  resource lookups using this strongly typed resource class.
</summary>
</member><member name="P:FIRESIDE.My.Resources.Resource1.Text_Blue">
	<summary>
  Looks up a localized resource of type System.Drawing.Bitmap.
</summary>
</member><member name="P:FIRESIDE.My.Resources.Resource1.Text_Cyan">
	<summary>
  Looks up a localized resource of type System.Drawing.Bitmap.
</summary>
</member><member name="P:FIRESIDE.My.Resources.Resource1.Text_Green">
	<summary>
  Looks up a localized resource of type System.Drawing.Bitmap.
</summary>
</member><member name="P:FIRESIDE.My.Resources.Resource1.Text_Orange">
	<summary>
  Looks up a localized resource of type System.Drawing.Bitmap.
</summary>
</member><member name="P:FIRESIDE.My.Resources.Resource1.Text_Purple">
	<summary>
  Looks up a localized resource of type System.Drawing.Bitmap.
</summary>
</member><member name="P:FIRESIDE.My.Resources.Resource1.Text_Red">
	<summary>
  Looks up a localized resource of type System.Drawing.Bitmap.
</summary>
</member><member name="P:FIRESIDE.My.Resources.Resource1.Text_Yellow">
	<summary>
  Looks up a localized resource of type System.Drawing.Bitmap.
</summary>
</member><member name="T:FIRESIDE.My.Resources.Resource1">
	<summary>
  A strongly-typed resource class, for looking up localized strings, etc.
</summary>
</member><member name="P:FIRESIDE.My.Resources.Resource2.ResourceManager">
	<summary>
  Returns the cached ResourceManager instance used by this class.
</summary>
</member><member name="P:FIRESIDE.My.Resources.Resource2.Culture">
	<summary>
  Overrides the current thread's CurrentUICulture property for all
  resource lookups using this strongly typed resource class.
</summary>
</member><member name="P:FIRESIDE.My.Resources.Resource2.Text_Blue">
	<summary>
  Looks up a localized resource of type System.Drawing.Bitmap.
</summary>
</member><member name="P:FIRESIDE.My.Resources.Resource2.Text_Cyan">
	<summary>
  Looks up a localized resource of type System.Drawing.Bitmap.
</summary>
</member><member name="P:FIRESIDE.My.Resources.Resource2.Text_Green">
	<summary>
  Looks up a localized resource of type System.Drawing.Bitmap.
</summary>
</member><member name="P:FIRESIDE.My.Resources.Resource2.Text_Orange">
	<summary>
  Looks up a localized resource of type System.Drawing.Bitmap.
</summary>
</member><member name="P:FIRESIDE.My.Resources.Resource2.Text_Purple">
	<summary>
  Looks up a localized resource of type System.Drawing.Bitmap.
</summary>
</member><member name="P:FIRESIDE.My.Resources.Resource2.Text_Red">
	<summary>
  Looks up a localized resource of type System.Drawing.Bitmap.
</summary>
</member><member name="P:FIRESIDE.My.Resources.Resource2.Text_Yellow">
	<summary>
  Looks up a localized resource of type System.Drawing.Bitmap.
</summary>
</member><member name="T:FIRESIDE.My.Resources.Resource2">
	<summary>
  A strongly-typed resource class, for looking up localized strings, etc.
</summary>
</member>
</members>
</doc>